product_id,content
120552065,Má»™t sáº£n pháº©m tá»‡ háº¡i. NÆ°á»›c Ä‘á»ng xung quanh bÃ¬nh. HÃ ng trung quá»‘c giÃ¡ 70 ngÃ n cÅ©ng khÃ´ng bá»‹ lá»—i cÆ¡ báº£n nhÆ° váº§y.
120552065,Sáº£n pháº©m giao bá»‹ lá»—i. TÃ´i muá»‘n Ä‘á»•i hÃ ng
83412126,"Giao hÃ ng ko cÃ³ á»‘ng hÃºt, h tá»•ng Ä‘Ã i cskh bÃ¡o sá»‘ lÆ°á»£ng cÃ³ háº¡n , mÃ  khi Ä‘áº·t thÃ´ng tin thÃ¬ váº«n sÃ¡ng ko bá»‹ áº©n ; 
Khi nháº­n ko tháº¥y quÃ  táº·ng"
83412126,"Bá»‹ bá»ƒ náº¯p, giá»¯ nhiá»‡t ko Ä‘c lÃ¢u. YÃªu cáº§u báº£o hÃ nh"
83412126,Mua bÃ¬nh 550 ML. nhÆ°ng giao bÃ¬nh 316 L
83412126,"BÃ¬nh bá»‹ há»Ÿ, bá» cá»‘p xe cháº£y Æ°á»›t háº¿t Ä‘á»“, pháº£i vá»©t Ä‘i luÃ´n"
83412126,"HÃ ng bá»‹ lá»—i, khoÃ¡ hay má»Ÿ nháº¥n váº«n báº­t náº¯p. YÃªu cáº§u Ä‘á»•i hÃ ng."
83412126,"ly cá»§a mÃ¬nh mua khi cho Ä‘Ã¡ vÃ´ thÃ¬ bá»‹ nhÆ° váº­y , trÆ°á»›c mua 2 cÃ¡i xÃ i ráº¥t ok, cÃ¡i nÃ y bá»‹ rá»‰ nÆ°á»›c"
83412126,"BÃ¬nh bá»‹ toÃ¡t má»“ hÃ´i, k giá»¯ nhiá»‡t."
83412126,"Náº¯p bá»‹ vÃªnh, sáº£n pháº©m lá»—i"
83412126,"[QC] Because VNPAY mourned the ban of KHAOTAXI100, I got 100K when calling a taxi. Want 10 more experts 350K.Goi Taxi now! (Tu today-13/11).CT: https://bit.ly/Taxi100K . To play QC, edit TC VI VNPAY guide"
83412126,"[QC]Vi VNPAY tang rieng ban ma KHAOTAXI100, giam toi 100K khi goi taxi. Khao them 10 chuyen tri gia 350K.Goi Taxi ngay! (tu nay-13/11).CT: https://bit.ly/Taxi100K . De tu choi QC, soan TC VI VNPAY gui 1313"
83412126,"Sáº£n pháº©m quÃ¡ tá»‡. ÄÃ£ tá»«ng mua vÃ o sáº£n pháº©m LocknLock nhÆ°ng khÃ´ng nghÄ© láº§n nÃ y láº¡i tá»‡ háº¡i quÃ¡ váº­y.
1. NÃºt khoÃ¡ thiáº¿t káº¿ chá»‰ Ä‘á»ƒ trang trÃ­. á» cháº¿ Ä‘á»™ lock hay unlock váº«n má»Ÿ Ä‘Æ°á»£c náº¯p bÃ¬nh. VÃ  káº¿t quáº£ lÃ  balo Ä‘áº§y ngáº­p trÃ n cafe ğŸ˜¡
2. Náº¯p bÃ¬nh ráº¥t dá»… sÆ°á»›t máº·t dÃ¹ khÃ´ng va cháº¡m.
3. Thá»­ so sÃ¡nh vá»›i bÃ¬nh giá»¯ nhiá»‡t LocknLock mua Ä‘Æ°á»£c má»™t nÄƒm nhÆ°ng bÃ¬nh giá»¯ nhiá»‡t náº¯p nhá»±a cá»±c tá»‘t, ráº¥t khÃ³ tráº§y sÆ°á»›t, nÃºt khoÃ¡  á»•n Ä‘á»‹nh khÃ´ng dá»… gÃ¬ bung. Äá»•i láº¡i Ly giá»¯ nhiá»‡t nÃ y ráº¥t tháº¥t vá»ng. Nghi váº¥n liá»‡u Ä‘Ã¢y cÃ³ pháº£i hÃ nh chÃ­nh hÃ£ng cá»§a LocknLock hay khÃ´ng???"
83412126,sáº£n pháº©m lá»—i
83412126,"Sáº£n pháº©m bá»‹ lá»—i, náº¯p khoÃ¡ bá»‹ lá»ng, khoÃ¡ rá»“i mÃ  váº«n má»Ÿ Ä‘Æ°á»£c"
83412126,Báº¥m má»Ÿ Ä‘c nhÆ°ng khoÃ¡ chá»‘t ko Ä‘c
83412126,sáº£n pháº©m má»›i dÃ¹ng 1 ngÃ y bá»‹ hÆ° náº¯p
83412126,"bÃ¬nh bá»‹ bá»ƒ náº¯p, cá»±c ká»³ khÃ´ng hÃ i lÃ²ng."
83412126,"CÅ©ng lÃ  shop tick xanh uy tÃ­n chá»© khÃ´ng pháº£i lÃ  nÆ¡i bÃ¡n hÃ ng láº» nÃ o nhá» cáº£, nhÆ°ng mÃ  tháº­t sá»± ráº¥t tháº¥t vá»ng khi nháº­n Ä‘Æ°á»£c hÃ ng, sáº£n pháº©m Ä‘Ã³ng khÃ´ng kÃ­n nÆ°á»›c Ä‘á»• ra khÃ´ng biáº¿t lÃ m cÃ¡ch nÃ o kháº¯c phá»¥c, giÃ¡ cáº£ cÅ©ng khÃ´ng há» ráº» so vá»›i máº·t báº±ng chung sáº£n pháº©m, nhÆ°ng nháº­n láº¡i lÃ  sá»± chÄƒm sÃ³c khÃ¡ch hÃ ng khÃ´ng cÃ³ tÃ¢m trong khi lÃ  1 shop cÃ³ uy tÃ­n, náº¿u sáº£n pháº©m Ä‘Ã£ khÃ´ng tá»‘t sáºµn thÃ¬ táº¡i sao khÃ´ng tháº©m Ä‘á»‹nh trÆ°á»›c khi bÃ¡n?? ThÃ´i coi nhÆ° lÃ  1 bÃ i há»c, mong shop sáº½ cÃ³ kháº¯c phá»¥c chá»© nhÆ° váº§y ráº¥t tháº¥t vá»ng vá» sáº£n pháº©m"
83412126,"BÃ¬nh á»•n, nhÆ°ng vá»«a má»Ÿ náº¯p thÃ¬ tháº¥y ngay khá»›p, 1 bÃªn gÃ£y 1 bÃªn cÅ©ng ko bÃ¬nh thÆ°á»ng.

Sá»­a: cÃ³ váº» lÃ  nÃ³ lÃ  nhÆ° váº­y chá»© ko pháº£i bá»‹ gÃ£y, do mÃ¬nh Ä‘Ã³ng nÃ³ ko cháº·t Ä‘c, 1 bÃªn bá»‹ nháº¿ch nháº¹ lÃªn nÃªn mÃ¬nh nghÄ© nÃ³ gÃ£y....Ä‘á»ƒ xÃ i xem sao"
83412126,"láº§n Ä‘áº§u mÃ¬nh nháº­n bÃ¬nh vÃ  bá»‹ há»Ÿ náº¯p nhÆ° nÃ y -> Ä‘Ã£ gá»­i yÃªu cáº§u Ä‘á»•i bÃ¬nh má»›i nhÆ°ng lÃ¢nd Ä‘áº§u Ä‘á»£i 6-7 ngÃ y váº«n k ai qua thu há»“i. , pháº£i liÃªn há»‡ láº¡i láº§n ná»¯a má»›i cÃ³ ngÆ°á»i qua thu há»“i , sau khi thu há»“i thÃ¬ giao láº¡i cho mÃ¬nh cÃ¡i bÃ¬nh nÃ y ( hÃ¬nh chá»¥p ) thÃ¬ cháº³ng khÃ¡c gÃ¬ bÃ¬nh lÃºc Ä‘áº§u , há»Ÿ ráº¥t toğŸ¥º háº­u quáº£ lÃ  cháº³ng thá»ƒ giá»¯ nhiá»‡t , mÃ¬nh cho cá»¥c Ä‘Ã¡ bá»± báº±ng 2/3 cÃ¡i bÃ¬nh vÃ o thÃ¬ 4 tiáº¿ng lÃ  tan háº¿t, láº§n Ä‘áº§u mua. hÃ ng qua máº¡ng mÃ  pháº£i Ä‘á»•i tráº£ğŸ¥² ráº¥t tÃª!"
83412126,náº¯p Ä‘áº­y khÃ´ng cÃ³ khÃ­t .nÆ°á»›c bá»‹ cháº£y ra.muá»‘n Ä‘á»•i cÃ¡i khÃ¡c.ráº¥t tháº¥t vá»ng.sp khÃ´ng Ä‘Ãºng nhÆ° mÃ´ táº£.lá»«a Ä‘áº£o
83412126,"BÃ¬nh khÃ´ng cÃ³ miáº¿ng lÃ³t Ä‘áº¿, cÃ³ váº¿t lÃµm nháº¹, tÃ´i Ä‘Ã£ gá»­i yÃªu cáº§u tráº£ hÃ ng. Äá» nghá»‹ Tiki giáº£i quyáº¿t sá»›m, xin cÃ¡m Æ¡n!"
83412126,BÃ¬nh nháº­n vá» tay bá»‹ mÃ³p gÃ³c
83412126,"Tiki giao hÃ ng Ä‘Ã³ng gÃ³i kiá»ƒu nÃ y Ä‘á»ƒ mÃ³p sáº£n pháº©m cá»§a khÃ¡ch, coi muá»‘n ná»•i Ã´n khÃ´ng. KhÃ´ng cÃ³ láº¥y má»™t tÃºi chá»‘ng sá»‘c dÃ¹ lÃ  má»ng nháº¥t?"
83412126,khÃ´ng biáº¿t cÃ³ bÃ¡n láº» phá»¥ kiÃªn náº¯p nÃ y khÃ´ng chá»© vá»«a khui ra lÃ m rá»›t nháº¹ xÃ­u Ä‘Ã£ bá»ƒ nÃ¡tğŸ˜¢ğŸ˜¢
83412126,KhÃ´ng pháº£i bÃ¬nh lock&lock cá»§a HÃ n quá»‘c bÃ¬nh nÃ y cá»§a Trung Quá»‘c váº­y mÃ  Ä‘á»ƒ lock&lock
83412126,"BÃ¬nh tá»‘t, mÃ u sáº¯c Ä‘áº¹p nhÆ°ng dÃ¹ng Ä‘c 1 vÃ i láº§n thÃ¬ náº¯p bá»‹ hÆ°, chá»‘t náº¯p bá»‹ gÃ£y, khÃ´ng biáº¿t cÃ³ báº£o hÃ nh gÃ¬ khÃ´ng"
83412126,Ä‘áº·t theo hÃ¬nh lÃ  lock&lock mÃ  giao lockn lock kÃªnh hÃ ng uy tÃ­n Ä‘Ã£ lÃªn tÃ­ch xanh mÃ  tháº¿.
83412126,Vui lÃ²ng Ä‘Ã³ng gÃ³i vÃ  váº­n chuyá»ƒn cáº©n tháº­n hÆ¡n
83412126,KhÃ´ng hÃ i lÃ²ng. 1) nÃºt nháº¥n cÃ³ váº¥n Ä‘á» nÃªn má»Ÿ náº¯p ráº¥t khÃ³ khÄƒn 2) trÃªn web Ä‘á»ƒ lÃ  550mk nhg trÃªn ly thÃ¬ 360ml. Loáº¡i nÃ y nhá» hÆ¡n loáº¡i ko báº¯p nÃºt. MÃ¬nh yÃªu cáº§u Ä‘c Ä‘á»•i sp khÃ¡c.
83412126,"bÃ¬nh bá»‹ há»Ÿ, dá»‘c chÃ©o lÃ  cháº£y ráº¥t nhiá»u nÆ°á»›c, khÃ´ng thá»ƒ cháº¥p nháº­n"
83412126,BÃ¬nh bá»‹ Ä‘á»• má»“ hÃ´i trÃªn miá»‡ng bÃ¬nh
83412126,"HÃ ng fake, mÃ³p mÃ©o kÃ©m cháº¥t lÆ°á»£ng. Cáº§n shop lÃ m rÃµ váº¥n Ä‘á» nÃ y"
83412126,Máº¥y báº¡n tháº¥y mÃ u Há»“ng hay mÃ u NÃ¢u? Nháº¯n tin gá»i Ä‘iá»‡n cÃ¡c kiá»ƒu váº«n khÃ´ng nháº­n Ä‘Æ°á»£c pháº£n há»“i tá»« tiki. Buá»“n háº¿t sá»©c.
83412126,"Nháº­n Ä‘Æ°á»£c bÃ¬nh nhÆ°ng náº¯p khÃ´ng má»Ÿ Ä‘Æ°á»£c, liÃªn há»‡ Ä‘á»ƒ hoÃ n tráº£ nhÆ°ng khÃ´ng nháº­n Ä‘Æ°á»£c pháº£n há»“i"
83412126,"mÃ¬nh vá»«a nháº­n Ä‘Æ°á»£c bÃ¬nh vÃ  khi nháº­n hÃ ng má»Ÿ ra thÃ¬ sáº£n pháº©m Ä‘Ã£ bá»‹ gÃ£y pháº§n náº¯p. MÃ¬nh khÃ´ng biáº¿t liÃªn há»‡ vá»›i shop nhÆ° tháº¿ nÃ o.  MÃ¬nh mong nháº­n Ä‘Æ°á»£c sá»± há»— trá»£ bÃªn phÃ­a tiki Ä‘á»ƒ Ä‘Æ°á»£c Ä‘á»•i láº¡i sáº£n pháº©m hoÃ n thiá»‡n áº¡. 
MÃ¬nh xin cáº£m Æ¡n! :((("
83412126,nháº­n hÃ ng mÃ  há»™p cÃ²n tá»‡ hÆ¡n hÃ ng 2nd hand ná»¯a. Tiki xem láº¡i cÃ¡ch Ä‘Ã³ng gÃ³i hÃ ng trÆ°á»›c khi gá»­i khÃ¡ch nhÃ©.
83412126,sáº£n pháº©m ráº¥t lÃ  tá»‡ khÃ´ng Ä‘Ãºng nhÆ° giÃ¡ tiá»n
83412126,"Sáº£n pháº©m náº¯p lá»ng dáº«n Ä‘áº¿n rÆ¡i rá»›t hÆ° há»ng, khÃ´ng há»¡ trá»£ bÃ¡n phá»¥ kiá»‡n cho khÃ¡ch trong trÆ°á»ng há»£p mua, sáº£n pháº©m khÃ´ng Ä‘Ã¡ng dÃ¹ng, phÃ­ cao"
83412126,Rá»›t nháº¹ cÃ¡i lÃ  náº¯p bá»ƒ hÆ° lun
83412126,Vá»«a nháº­n Ä‘Æ°á»£c hÃ ng hÃ­ há»­ng khui há»™p. Sau Ä‘Ã³ má»Ÿ láº¯p vÃ  ... BÃ™M. Gáº«y luÃ´n tá»« láº§n Ä‘áº§u tiÃªn. KhÃ´ng Ä‘áº¿n láº§n thá»© 2...
83412126,"MÃ¬nh khÃ´ng thá»ƒ má»Ÿ náº¯p nÃ y (báº¥m nÃºt mÃ  náº¯p k má»Ÿ ra, Ä‘Ã£ thá»­ nhiá»u láº§n). Giá» mÃ¬nh lÃ m sao Ä‘Ã¢y áº¡?"
83412126,"HÃ ng Ä‘áº¹p nhÆ°ng Ä‘Ã³ng gÃ³i ráº¥t cáº©u tháº£, há»™p Ä‘á»±ng bá»‹ rÃ¡ch, mÃ³p tÃ¹m lum, may lÃ  cÃ¡i ly khÃ´ng bá»‹ ná»©t hay vá»¡"
83412126,vá»«a nháº­n hÃ ng xong chÆ°a ká»‹p dÃ¹ng thÃ¬ Ä‘Ã£ vá»¡ náº¯p rá»“i
83412126,"mÃ¬nh Ä‘áº·t 1 tráº¯ng 1 Ä‘en nhÆ°ng tiki giao cho mÃ¬nh láº¡i lÃ  2 tráº¯ng. tiki láº¡i khÃ´ng cÃ³ pháº§n Ä‘á»•i tráº£. mong tiki giáº£i quyáº¿t giÃºp mÃ¬nh, mÃ¬nh cáº§n Ä‘á»•i Ä‘Ãºng mÃ u mÃ¬nh chá»n"
83412126,"Pháº§n náº¯p cá»§a ly bá»‹ hÆ°, khÃ´ng Ä‘Ã³ng láº¡i Ä‘Æ°á»£c, ko biáº¿t Tiki cÃ³ há»— trá»£ Ä‘á»•i ko."
83412126,Ly cá»§a mÃ¬nh bá»‹ lá»—i. Gáº¡t sang nÃºt lock hay unlock Ä‘á»u nháº¥n má»Ÿ náº¯p Ä‘c. Tiki vui lÃ²ng liÃªn láº¡c vá»›i mÃ¬nh Ä‘á»ƒ Ä‘á»•i hÃ ng
83412126,trÃªn hiá»ƒn thá»‹ thÃ¬ Ä‘á»ƒ Ä‘en . ngta Ä‘áº·t Ä‘en r giao xanh Ä‘en lÃ  s v .
83412126,"bÃ¬nh cá»§a mÃ¬nh ko tá»± Ä‘á»™ng báº­t náº¯p lÃªn Ä‘c,mÃ¬nh muá»‘n Ä‘á»•i."
83412126,"Lock N Lock hay Lock & Lock 
Pháº£n há»“i nhÃ© Shop"
83412126,"MÃ¬nh mua 2 cÃ¡i nhÆ°ng cÃ³ 1 cÃ¡i bá»‹ nhÆ° vÃ y, cÃ³ Ä‘á»• láº¡i Ä‘c khÃ´ng áº¡"
83412126,"Sáº£n pháº©m sá»­ dá»¥ng láº§n Ä‘áº§u thÃ¬ bá»‹ Ä‘á»ng nÆ°á»›c á»Ÿ miá»‡ng ly khi Ä‘á»±ng nÆ°á»›c láº¡nh, khÃ´ng biáº¿t cÃ³ pháº£i do lá»—i khÃ´ng, Tiki cÃ³ Ä‘á»•i ly khÃ¡c khÃ´ng ?"
83412126,Lá»—i Lock/ Unlock. KhÃ´ng khÃ³a bÃ¬nh Ä‘Æ°á»£c.
83412126,vá»«a mua vá» chÆ°a xÃ i lÃ  bá»ƒ chá»‘t ngay cÃ¡i náº¯p rá»“i
83412126,Äá»•i tráº£ láº¡i bÃ¬nh. VÃ¬ náº¯p bÃ¬nh bá»‹ bá»ƒ
83412126,"Sáº£n pháº§m bá»‹ tÃ¬nh tráº¡ng nhÆ° hÃ¬nh, lÃ m sao Ä‘á»ƒ mÃ¬nh cÃ³ thá»ƒ tráº£ hÃ ng Ä‘á»ƒ Ä‘á»•i cÃ¡i má»›i Ä‘Æ°á»£c? Hay Tiki cÃ³ thá»ƒ gá»­i mÃ¬nh cÃ¡i cÃ¢y khÃ¡c Ä‘Æ°á»£c khÃ´ng?"
83412126,"1. Buá»“n Tiki (2 sao lÃ  do Ä‘iá»u nÃ y)
Máº·c dÃ¹ Ä‘Ã£ nháº­n lá»i giáº£i thÃ­ch tá»« Tiki nhÆ°ng váº«n cáº£m tháº¥y khÃ´ng vui. Tiki cáº§n rá» rÃ ng hÆ¡n trong cÃ¡c mÃ£ khuyáº¿n mÃ£i Ä‘á»ƒ trÃ¡nh lÃ m tuá»™t cáº£m há»©ng, niá»m vui nhá» khi mua sáº¯m.
2. HÃ i lÃ²ng vá» ly
Ly Ä‘áº¹p. MÃ u xinh. Náº¯p cáº£i tiáº¿n hÆ¡n Ä‘á»i trÆ°á»›c. Äá»ƒ má»Ÿ náº¯p thÃ¬ cáº§n gáº¡c qua vá»‹ trÃ­ unlock rá»“i báº¥m. BÃªn trong náº¯p cÃ³ thÃªm ron cao su so vá»›i Ä‘á»i trÆ°á»›c. ThÃ¢n ly nhÃ¡m dá»… náº¯m, nhÃ¡m lÃ m mÃ u há»“ng thÃªm Ä‘áº¹p vÃ  khÃ´ng bá»‹ quÃª."
73124602,Bá»‹ bÃ³p lÃ  sao khÃ´ng hiá»ƒu kiá»ƒu gÃ¬
73124602,"tá»‘i wa má»›i nháº­n Ä‘Æ°á»£c hÃ ng Ä‘á»•i, tháº¥y BP háº­u mÃ£i Ä‘á»•i tráº£ tÆ°Æ¡ng Ä‘á»‘i nhanh, tÃ­nh sÃ¡ng nay lÃªn web cho 4 sao, nhÆ°ng tháº­t Ä‘Ã¡ng tiáº¿c lÃ  khi tÃ´i *** thá»­ thÃ¬ nhiá»‡t váº«n tá»a ra trÃªn pháº§n náº¯p bÃ¬nh , tháº­t lÃ  tháº¥t vá»ng, ko Ä‘á»•i nauwx, tÃ´i yÃªu cáº§u tráº£ hÃ ng hoÃ n tiá»n"
73124602,"Sáº£n pháº©m cháº¥t lÆ°á»£ng kÃ©m , lá»›p sÆ¡n bá»‹ bong trÃ³c dÃ¹ má»›i sá»­ dá»¥ng máº¥y ngÃ y"
73124602,Sao Ko cÃ³ kÃ¨m theo bÃ¬nh nhá»±a váº­y shop
73124602,Mua vá» xÃ i 1 ngÃ y nÃ³ Ä‘Ã£ bung náº¯p nhÆ° hÃ¬nh
73124602,"Sau thá»i gian tráº£i nghiá»‡m dÃ¹ng bÃ¬nh nÃ y thÃ¬ mÃ¬nh nháº­n tháº¥y Sáº¢N PHáº¨M Ráº¤T Ráº¤T Tá»† LUÃ”N. MÃ¬nh dÃ¹ng qua thá»­ vÃ i loáº¡i nhÆ°ng mÃ¬nh chÆ°a tháº¥y loáº¡i bÃ¬nh giá»¯ nhiá»‡t nÃ o mÃ  kÃ©m nhÆ° loáº¡i nÃ y, bÃ¬nh giá»¯ nhiá»‡t thá»i gian kÃ©m Ä‘Ã£ Ä‘Ã nh, mÃ  láº¡i cÃ²n xÃ¬ rá»‰ nÆ°á»›c lÃºc má»—i khi bÃ¬nh á»Ÿ tÆ° tháº¿ nghiÃªng hoáº·c náº±m. Lá»i khuyÃªn chÃ¢n thÃ nh cho báº¡n nÃ o cÃ³ Ã½ Ä‘á»‹nh mua loáº¡i nÃ y thÃ¬ sÃ¡ng suá»‘t Ä‘á»«ng nÃªn mua dÃ¹ng."
73124602,BÃ¬nh má»›i nháº­n vá» Ä‘Ã£ há»ng quai Ä‘eo.
73124602,"ÄÃ³ng gÃ³i OK , giao hÃ ng cÅ©ng ráº¥t nhanh .Tuy nhiÃªn , vá» sáº£n pháº©m thÃ¬ ráº¥t nhanh trÃ³c sÆ¡n vÃ  dá»… tráº§y , báº±ng chá»©ng lÃ  má»›i nháº­n hÃ ng buá»•i sÃ¡ng , buá»•i chiá»u Ä‘Ã£ trÃ³c sÆ¡n rá»“i."
73124602,BÃ¬nh sá»­ dá»¥ng á»•n. KhÃ´ng cÃ³ váº¥n Ä‘á» gÃ¬ trá»« viá»‡c dÃ¢y Ä‘eo má»›i dÃ¹ng Ä‘Æ°á»£c vÃ i ngÃ y Ä‘Ã£ bá»‹ tá»¥t chá»‰.
73124602,"CÃ¡i mÃ u xáº¥u vÃ´ cÃ¹ng, quai Ä‘á»©t. Kháº£ nÄƒng giá»¯ nhiá»‡t á»•n, nhÆ°ng bÃ¬nh cáº§n Ä‘á»ƒ qua Ä‘Ãªm lÃ  bá»‹ hÃ´i dÃ¹ chá»‰ Ä‘á»ƒ nÆ°á»›c lá»c. Ko rÃµ cÃ³ cháº¯c hÃ ng chÃ­nh hÃ£ng hay ko? nhÆ°ng lock&lock sáº½ ko bá»‹ váº­y. HÆ¡n 300k cho bÃ¬nh giá»¯ nhiá»‡t nÃ y, mua vá» cáº£m tháº¥y hÆ¡i hoÃ i nghi."
73124602,"Mua nhÃ  cung cáº¥p Tiki Trading, váº­n chuyá»ƒn Tiki Smart Logistics, sáº£n pháº©m bá»‹ mÃ³p nhÆ° hÃ¬nh. VÃ¬ tin tÆ°á»Ÿng nÃªn khÃ´ng quay video má»Ÿ há»™p."
73124602,"HÃ ng nhÃ¡i kÃ©m cháº¥t lÆ°á»£ng Ä‘áº¯t ngang hÃ ng tháº­t , bÃ¬nh thÃ¬ kiá»ƒu giá»‘ng Ä‘Ã£ qua sá»­ dá»¥ng, mÃ³p mÃ©o vÃ  xÆ°á»›c. Äá»• nÆ°á»›c nÃ³ng vÃ o sá» vÃ o náº¯p muá»‘n bá»ng tay. Láº§n cuá»‘i cÃ¹ng tin tÆ°á»Ÿng tiki trading. BÃ¡n hÃ ng dá»m."
73124602,náº¯p bÃ¬nh bá»‹ rÃ² rá»‰ nÆ°á»›c . mÃ¬nh Ä‘i há»c vÃ  Ä‘i lÃ m Ä‘á»ƒ bÃ¬nh vÃ o chung vÃ o trong cáº·p nÆ°á»›c tá»« trong bÃ¬nh rÃ² rá»‰ ra lÃ  Æ°á»›t háº¿t tÃ i liá»‡u cá»§a mÃ¬nh . mÃ¬nh mong muá»‘n Ä‘á»•i tráº£ sáº£n pháº©m khÃ¡c
73124602,Sáº£n pháº©m bá»‹ lá»—i..............
73124602,"tiki giao hÃ ng gÃ¬ mÃ  Ä‘Ã£ dÃ¡n hÃ ng dá»… vá»¡ rá»“i, mÃ  cÃ¡i há»™p ko cÃ²n tá»« nÃ o Ä‘á»ƒ nÃ³i luÃ´n"
73124602,"mua bÃ¬nh má»›i mÃ  tráº§y tÃ¹m lum, máº¥t tháº©m má»¹, tiki training dáº¡o nÃ y xuá»‘ng quÃ¡, lo phÃ¡t triá»ƒn sáº£n pháº©m mak ko chÃº Ã½ Ä‘áº¿n cháº¥t lÆ°á»£ng thÃ¬ ngÆ°á»i dÃ¹ng cÅ©ng cÅ©ng bá» thÃ´i, Ä‘c cÃ¡i giao hÃ ng nhanh,"
73124602,miá»‡ng bÃ¬nh bá»‹ mÃ©o kÃ¨m theo náº¯p bÃ¬nh bá»‹ há»ng lá»›p keo Ä‘Ã¡nh giÃ¡ 1 sao
73124602,Náº¯p sáº£n pháº©m thÆ°á»ng bá»‹ bung ra khi váº·n....CÃ³ thá»ƒ gáº¯n láº¡i Ä‘Æ°á»£c nhÆ°ng ráº¥t phiá»n. ChÃº giao hÃ ng sá»£ quÃ¡ğŸ˜¬ğŸ˜¬.
73124602,"báº¡n Æ¡i cho mÃ¬nh Ä‘á»•i sang kiá»ƒu khÃ¡c Ä‘c k? vÃ¬ mÃ¬nh tháº¥y kiá»ƒu nÃ y khÃ³ Ä‘Ã³ng náº¯p quÃ¡, Ä‘Ã³ng toÃ n bá»‹ lá»‡ch thÃ´i mÃ  má»—i láº§n áº¥n Ä‘au cáº£ tay má»›i Ä‘c.ğŸ˜ª"
73124602,"Vá»«a mua vá» Ä‘Ã£ tung náº¯p, chÆ°a ká»‹p lÃ m gÃ¬"
73124602,"Sáº£n pháº©m ko cÃ³ tem mÃ¡c gÃ¬, bÃªn ngoÃ i báº©n, náº¯p má»Ÿ ráº¥t khÃ³, xoay má»Ÿ náº¯p thÃ¬ bung luÃ´n cáº£ pháº§n cáº¥u táº¡o cá»§a náº¯p. KhÃ´ng hÃ i lÃ²ng sáº£n pháº©m so vá»›i tiá»n cá»§a sáº£n pháº©m."
73124602,BÃ¬nh xÃ i chÆ°a tá»›i 2 thÃ¡ng thÃ¬ ko giá»¯ nhiá»‡t Ä‘c ná»¯a
73124602,"Vá»«a nháº­n hÃ ng má»Ÿ rÃ ng Ä‘Ã£ bá»‹ tháº¥t vá»ng, khÃ´ng Ä‘Ã³ng náº¯p bÃ¬nh láº¡i Ä‘Æ°á»£c. KhÃ´ng hiá»ƒu sao tiki láº¡i giao sáº£n pháº©m lá»—i sÆ¡ Ä‘áº³ng nhÆ° nÃ y Ä‘áº¿n ngÆ°á»i tiÃªu dÃ¹ng."
73124602,"Má»›i dÃ¹ng chÆ°a Ä‘Æ°á»£c bao lÃ¢u mÃ  cÃ¡i náº¯p Ä‘Ã£ há»ng nhÆ° váº­y, lÃ²i cáº£ miáº¿ng xá»‘p bÃªn trong. Ko biáº¿t cÃ³ Ä‘Æ°á»£c báº£o hÃ nh khÃ´ng ná»¯a"
73124602,"Sp ko nhÆ° mong Ä‘á»£i, check mÃ£ váº¡ch ko cÃ³"
73124602,"Pháº§n Ä‘á»‡m caosu cá»§a náº¯p bá»‹ mÃ³p nÃªn náº¯p Ä‘Ã³ng khÃ´ng Ä‘Æ°á»£c khÃ­t, khÃ´ng giá»¯ Ä‘Æ°á»£c nhiá»‡t."
73124602,Äá»±ng khoáº£ng 20-50 mL nÆ°á»›c hÆ¡i nÃ³ng thÃ¬ áº¥m ngoÃ i bÃ¬nh. Äá»±ng khoáº£ng nhiÃªu Ä‘Ã³ nÆ°á»›c khoáº£ng 5-10 oC thÃ¬ láº¡nh kháº¯p bÃ¬nh. Má»›i Ä‘á»±ng láº§n Ä‘áº§u Ä‘Ã£ nhÆ° váº­y rá»“i áº¡.
73124602,MÃ¬nh tháº¥y gÃ³i hÃ ng cáº©n tháº­n bÃªn ngoÃ i mÃ  má»Ÿ ra bá»‹ mÃ³p khÃ¡ lá»›n táº¡i náº¯p
73124602,"mÃ¬nh mua ngay trÆ°á»›c táº¿t, dÃ¹ng Ä‘Æ°á»£c Ä‘Ãºng vÃ i ngÃ y thÃ¬ Ä‘áº¿n mÃ¹ng 2 tháº¥y bá»‹ sÃºt náº¯p nhÆ° tháº¿ nÃ y (áº£nh kÃ¨m). Tá»± nÃ³ bung ra, k há» va Ä‘áº­p hay rÆ¡i vá»¡, bÃ¬nh nguyÃªn váº¹n k cÃ³ 1 váº¿t xÆ°á»›c nÃ o. ráº¥t tháº¥t vá»ng, náº¿u Ä‘Ã¢y thá»±c sá»± lÃ  hÃ ng chÃ­nh hÃ£ng thÃ¬ Tiki cáº§n cÃ³ giáº£i thÃ­ch vÃ  Ä‘á»•i tráº£/bá»“i hoÃ n cho mÃ¬nh! thanks!"
73124602,"tÃ´i mua hÃ ng vá» Ä‘á»ƒ dÃ¹ng hay Ä‘á»ƒ sá»­a cho  cÃ¡c Ã´ng , tiki cá»© lÃ m Äƒn tháº¿ nÃ y thÃ¬ máº¥t niá»m tin quÃ¡ , sao ko gá»­i cho keo Ä‘á»ƒ sá»­a  hix hix"
73124602,DÃ¹ng Ä‘Æ°á»£c vÃ i láº§n thÃ¬ hÆ° náº¯p Ä‘áº­y rá»“i
73124602,hÃ ng tá»‘t dÃ¹ng ráº¥t ok . nÃªn mua
73124602,"Cháº¥t lÆ°á»£ng bÃ¬nh ok. Cho 2 sao vÃ¬ giao hÃ ng cháº­m, dá»± kiáº¿n giao 21/12 nhÆ°ng 26/12 má»›i giao, liÃªn há»‡ khiáº¿u náº¡i 2 láº§n"
73124602,HÃ ng giao bá»‹ mÃ³p. YÃªu cáº§u Ä‘á»•i tráº£ hÃ ng 2 láº§n váº«n khÃ´ng Ä‘Æ°á»£c. Shiper khÃ´ng thÃ¨m Ä‘áº¿n láº¥y hÃ ng. Muá»‘n tá»± mang hÃ ng Ä‘áº¿n bÆ°u cá»¥c thÃ¬ báº£o chÆ°a há»— trá»£. Gá»i Ä‘iá»‡n lÃªn chÄƒm sÃ³c khÃ¡ch hÃ ng cÅ©ng khÃ´ng giÃºp gÃ¬ hÆ¡n Ä‘Æ°á»£c. QuÃ¡ tháº¥t vá»ng vÃ  sáº½ khÃ´ng bao giá» mua hÃ ng ná»¯a.
73124602,Khi nháº­n bÃ¬nh giá»¯ nhiá»‡t vÃ´ nhÃ  tÃ´i má»›i má»Ÿ ra thÃ¬ tháº¥y náº¯p bÃ¬nh bá»‹ mÃ³p. TÃ´i Ä‘Ã£ náº¥u nÆ°á»›c nÃ³ng Ä‘á»• vÃ´ thÃ¬ sá» vÃ o vá» bÃ¬nh thÃ¬ nÃ³ng( cháº¯c bÃ¬nh nÃ y Ä‘Ã£ bá»‹ rá»›t lá»±c máº¡nh vÃ  Ä‘Ã£ bá»‹ nÃ³ng á»Ÿ ngoÃ i)
73124602,náº¯p trÃªn má»›i mua dc 2 ngÃ y Ä‘Ã£ tá»± Ä‘á»™ng sá»©c ra rá»“i
73124602,hÃ ng Ä‘Ã³ng gÃ³i khÃ´ng cáº©n tháº­n. bÃªn trong ko lÃ³t gÃ¬. giao hÃ ng bá»‹ mÃ³p
73124602,Má»›i xÃ i hÆ° náº¯p ko ai sá»­a. Xin chá»— báº£o hÃ nh Ä‘i
73124602,"HÃ ng giao trá»… gáº§n 10 ngÃ y, há»™p thÃ¬ Ä‘Ã³ng gÃ³i quÃ¡ tá»‡, há»™p sáº£n pháº©m rÃ¡ch tá»‡. cháº¥t lÆ°á»£ng sáº£n pháº©m táº¡m á»•n"
73124602,Kiá»ƒm tra sp nhÆ°ng láº¡i quÃªn máº¥t xem Miá»‡ng bÃ¬nh cuá»‘i cÃ¹ng lÃ  tháº¥y bá»‹ mÃ³p 1 chÃºt. Cáº£m tháº¥y khÃ³ chá»‹u
73124602,mÃ¬nh mua vá» dÃ¹ng Ä‘c vÃ i ngÃ y thÃ¬ Ä‘Ã¡y bÃ¬nh xuáº¥t hiá»‡n máº¥y váº¿t loang nhÆ° tháº¿ nÃ y.
73124602,"tÃ´i Ä‘áº·t hÃ ng Ä‘á»£t khuyáº¿n mÃ£i , cÃ³ thÃªm cÃ¡i bÃ¬nh nhá»±a . khi giao hÃ ng láº¡i khÃ´ng cÃ³ . shop lÃ m Äƒn gÃ¬ ká»³ . Ä‘áº·t vá»›i tráº£ hÃ ng ."
73124602,tÃ´i Ä‘áº·t mÃ u báº¡c nhÆ°ng giao mÃ u Ä‘en??
73124602,"BÃ¬nh bá»‹ mÃ³p pháº§n náº¯p trong khi cÃ¡i há»™p giáº¥y ngoÃ i thÃ¬ má»›i tinh k má»™t váº¿t xÆ°á»›c. Há»™p bá»‹ mÃ³p thÃ¬ cÃ²n thÃ´ng cáº£m vÃ¬ lÃ½ do váº­n chuyá»ƒn 1 thÃ¡ng má»›i Ä‘áº¿n tay mÃ¬nh, Ä‘áº±ng nÃ y biáº¿t hÃ ng bá»‹ lá»—i váº«n giao cho khÃ¡ch. HÃ³ng hÃ ng vá» mÃ£i Ä‘áº¿n lÃºc nháº­n thÃ¬ nhÆ° váº­y, buá»“n gÃ¬ Ä‘Ã¢uâ€¦ Mong shop sá»›m pháº£n há»“i giÃºp mÃ¬nh áº¡!"
73124602,HÃ ng bá»‹ mÃ³p vÃ  trÃ³c sÆ¡n. Vá» há»™p cÅ©
73124602,giao hÃ ng nhanh sp y hÃ¬nh
73124602,BÃ¬nh cháº¥t lÆ°á»£ng quÃ¡ kÃ©m khÃ´ng Ä‘Ãºng vá»›i quáº£ng cÃ¡o sáº£n pháº©m trÃªn Tiki. Äá» nghá»‹ bá»™ pháº­n quáº£n lÃ­ cháº¥t lÆ°á»£ng cÃ¡c shop bÃ¡n hÃ ng trÃªn Tiki xem xÃ©t Ä‘Ã¡nh giÃ¡ shop nÃ y. BÃ¬nh vá»«a mua mÃ  Ä‘Ã£ toÃ¡t má»“ hÃ´i láº¡nh khÃ´ng giá»¯ Ä‘Æ°á»£c Ä‘Ã¡ bÃªn trong bÃ¬nh. Ráº¥t chÃ¡n. Äá» nghá»‹ shop Ä‘á»•i sáº£n pháº©m má»›i vÃ  dÃ¹ng tá»‘t nhÆ° quáº£ng cÃ¡o cho khÃ¡ch hÃ ng. Thanks!
73124602,HÃ ng má»›i mÃ  bá»‹ mÃ³p mÃ©o. YÃªu cáº§u tiki bÃ¡o shop cho Ä‘á»•i hÃ ng láº¡i. Tháº¥t vá»ng
73124602,SÃ¡ng mua chiá»u sá»­ dá»¥ng thÃ¬ Ä‘á»©t dÃ¢y
73124602,"giao hÃ ng lá»—i . 
xá»­ lÃ½ phá»©c táº¡p máº¥t thá»i gian cá»§a tui.!"
73124602,"HÃ ng bá»‹ lá»—i náº¯p ko kÃ­n , bá»‹ vÃªnh"
73124602,bÃªn trong dÃ­nh keo ko rá»­a sáº¡ch Ä‘Æ°á»£c
73124602,"BÃ¬nh Ä‘áº¹p nhÆ°ng bá»‹ mÃ³p 1 gÃ³c nhÆ° nÃ y.
CÃ³ pháº£i sale vÃ¬ sáº£n pháº©m mÃ³p ko váº­y shop?"
73124602,"HÃ ng ghi xuáº¥t sá»© Trung Quá»‘c, nhÆ°ng mÃ£ váº¡ch Viá»‡t Nam.????"
73124602,"BÃ¬nh mua chÆ°a bao lÃ¢u Ä‘Ã£ bong cáº£ náº¯p, ko biáº¿t cÃ³ pháº£i hÃ ng chÃ­nh hÃ£ng ko ná»¯a, láº§n sau lÃªn locknlock mua trá»±c tiáº¿p cho cháº¯c Äƒn."
73124602,"giao hÃ ng nhanh ,nhÆ°ng khi má»Ÿ ra hÃ ng bá»‹ báº¹p á»Ÿ gÃ³c cá»§a náº¯p bÃ¬nh"
73124602,"Nháº­n hÃ ng tá»« chiá»u tá»‘i ngÃ y 29/12 Ä‘áº¿n hÃ´m nay 31/12 má»›i má»Ÿ ra xem.
+ Vá» ngoáº¡i hÃ¬nh sáº£n pháº©m khi nháº­n:
- Vá» há»™p nhÄƒn nheo, náº¯p há»™p bá»‹ rÃ¡ch do bÃ³c quÃ¡ nhiá»u.
- Náº¯p bÃ¬nh má»Ÿ ra cÃ³ váº¿t xÆ°á»›c á»Ÿ pháº§n nhá»±a cá»§a náº¯p.
=> cháº¯c cháº¯n hÃ ng cÅ©
=> MÃ¬nh cÃ³ cáº£m giÃ¡c nhÆ° tiki ngÃ y cÃ ng giao hÃ ng tá»“n kho cho khÃ¡ch, ai láº¡i mua sáº£n pháº©m mÃ  muá»‘n pháº£i nháº­n Ä‘Æ°á»£c hÃ ng cÅ© :("
73124602,HÃ ng new mÃ  tráº§y nhiá»u    Sá»­ lÃ½ cháº­m
73124602,"Tháº¥y sáº£n pháº©m khÃ¡ tá»‘t, tuy nhiÃªn bá»‹ xÆ°á»›c. ÄÃ£ gá»­i *** nhá» TIKI Ä‘á»•i sáº£n pháº©m khÃ¡c."
73124602,BÃ¬nh cá»§a mÃ¬nh bá»‹ tráº§y háº¿t trÆ¡n lun
73124602,tá»•ng thá»ƒ thÃ¬ ok.nhÆ°ng náº¯p bá»‹ mÃ³p
73124602,Giao bÃ¬nh mÃ³p mÃ©o tráº§y xÆ°á»›c tÃ¹m. Äá» nghá»‹ Ä‘á»•i láº¡i cho mÃ¬nh.
73124602,MÃ¬nh mua hÃ ng á»Ÿ Tiki ráº¥t nhiá»u láº§n nhÆ°ng láº§n nÃ y tiki lÃ m mÃ¬nh tháº¥t vá»ng .Lá»‹ch dá»± kiáº¿n giao thá»© 6 nhÆ°ng má»›i thá»© 2 Ä‘Ã£ giao. anh shipper giao hÃ ng thÃ¬ giao ngay lÃºc mÃ¬nh Ä‘ang báº­n lÃ m viá»‡c khÃ¡ch hÃ ng Ä‘Ã´ng nÃªn mÃ¬nh chÆ°a kiá»ƒm tra hÃ ng Ä‘Ã£ vá»™i thanh toÃ¡n . Khi kiá»ƒm tra láº¡i thÃ¬ trÃªn náº¯p bÃ¬nh cÃ³ 1 Ä‘Æ°á»ng tráº§y tháº¥y rÃµ máº¥t tháº©m má»¹. Tiki trÆ°á»›c khi giao hÃ ng khÃ´ng kiá»ƒm tra ká»¹. MÃ¬nh Ä‘Ã¢u cáº§n giao nhanh .
73124602,Giao hÃ ng khÃ´ng Ä‘Ãºng háº¹n.
73124602,"Kiá»ƒm tra hÃ ng ra ngay váº¿t xÆ°á»›c khÃ¡ dÃ i, hÃ ng khÃ´ng Ä‘Æ°á»£c bá»c cáº©n tháº­n, khÃ´ng lÃ³t xá»‘p hay lÃ³t giáº¥y trong gÃ³i hÃ ng gÃ¬ cáº£, bá»c nilon ráº¥t cáº©u tháº£. TÃ´i Ä‘Ã£ mua bÃ¬nh nÃ y 1 láº§n rá»“i nÃªn mua láº¡i cá»§a Lock&Lock.  NhÆ°ng láº§n nÃ y  Ráº¥t Tháº¥t Vá»ng vá» sáº£n pháº©m, dÃ¹ lÃ  sáº£n pháº©m Tiki Trading phÃ¢n phá»‘i. MÃ u sÆ¡n nhÃ¬n ráº¥t cÅ©, cÅ© hÆ¡n cáº£ cÃ¡i tÃ´i Ä‘ang dÃ¹ng 1 nÄƒm."
73124602,Ä‘Äƒng kÃ½ gÃ³i tiki now 1 nÄƒm Ä‘iá»u khoáº£n cho Ä‘áº·t Ä‘Æ¡n hÃ ng khÃ´ng giá»›i háº¡n nhÆ°ng khi Ä‘áº·t hÃ ng váº«n tÃ­nh phÃ­ ship vá»›i lÃ½ do Ä‘áº·t nhiá»u hÃ ng quÃ¡ Tiki lá»—.
73124602,"MÃ¬nh mua 2 cÃ¡i, 1 cÃ¡i thÃ¬ ko sao, cÃ¡i cÃ²n láº¡i bá»‹ máº¥t cÃ¡i vÃ²ng Ä‘á»ƒ kÃ©o lÃªn khi Ä‘Ã³ng láº¡i. Giá» Ä‘áº­y vÃ´ lÃ  khÃ´ng biáº¿t láº¥y ra sao luÃ´n. Tiki cÃ ng ngÃ y giao hÃ ng cÃ ng tá»‡, nhiá»u hÃ ng lá»—i."
73124602,TÃ´i Ä‘Ã£ mua á»Ÿ Tiki nhiá»u vÃ  cÅ©ng tháº¥y ráº¥t tá»‘t. HÃ´m nay nháº­n hÃ ng láº¡i tháº¥y sáº£n pháº©m láº¡i thiáº¿u Ä‘á»“ quay cá»§a Ä‘á»“ cháº·n nÆ°á»›c. TÃ´i Ä‘Ã£ mua sp rá»“i tháº¥y tá»‘t nÃªn mua thÃªm cho gia Ä‘Ã¬nh. Tiki xem láº¡i bá»™ pháº­n Ä‘Ã³ng hÃ ng
73124602,BÃ¬nh má»›i nháº­n hÃ ng hÃ´m qua hÃ´m nay sá»­ dá»¥ng láº§n Ä‘áº§u Ä‘á»±ng Ä‘Ã¡ nhÆ°ng Ä‘Ã£ bá»‹ Ä‘á»ng nÆ°á»›c bÃªn ngoÃ i nhÆ° hÃ¬nh rá»“i.
73124602,vá»«a mua Ä‘c vÃ i hÃ´m tá»¥t giÃ¡. Mua 300 giá» cÃ²n 281
73124602,CÃ¡i bÃ¬nh cá»§a em khÃ´ng cÃ³ cÃ¡i Ä‘á»ƒ láº¥y mÃ ng lá»c ra ngoÃ i áº¡?
73124602,"MÃ¬nh khÃ´ng biáº¿t sáº£n pháº©m Ä‘á»±ng nÆ°á»›c láº¡nh cháº¥t lÆ°á»£ng cÃ³ á»•n khÃ´ng nhÆ°ng mÃ¬nh Ä‘á»±ng nÆ°á»›c nÃ³ng (Ä‘á»±ng nÆ°á»›c Ä‘áº­u Ä‘en nÃ³ng), sá»­ dá»¥ng Ä‘c hÆ¡n 1 thÃ¡ng thÃ¬ bÃªn trong bá»‹ gá»‰.
Má»—i ngÃ y sá»­ dá»¥ng mÃ¬nh Ä‘á»u vá»‡ sinh bÃ¬nh vÃ  Ä‘á»ƒ rÃ¡o."
73124602,Sáº£n pháº©m mÃ³p mÃ©o ko cÃ²n nguyÃªn váº¹n. YÃªu cáº§u shop Ä‘á»•i láº¡i sáº£n pháº©m.
73124602,ÄÃ³ng gÃ³i ko cáº©n tháº­n. Giao hÃ ng bá»‹ tráº§y háº¿t. MÃ¬nh khÃ´ng cÃ³ á»Ÿ nhÃ  ngÆ°á»i nhÃ  nháº­n há»™. Vui lÃ²ng Ä‘á»•i sáº£n pháº©m khÃ¡c giÃºp mÃ¬nh vÃ¬ hÃ ng mÃ¬nh mua táº·ng!!!
73124602,BÃ¬nh váº­n chuyá»ƒn lÃ m mÃ³p náº¯p
73124602,"MÃ¬nh vá»«a nháº­n Ä‘Æ°á»£c sÃ¡ng ngÃ y 16/06/2020. Khi Ä‘á»• nÆ°á»›c nÃ³ng vÃ o bÃ¬nh thÃ¬ thÃ¢n bÃ¬nh áº¥m lÃªn vÃ  sau Ä‘Ã³ nhiá»‡t Ä‘á»™ giáº£m dáº§n, ko giá»¯ Ä‘Æ°á»£c Ä‘á»™ nÃ³ng bÃªn trong bÃ¬nh. NÆ°á»›c Ä‘á»• ra sau Ä‘Ã³ nguá»™i nhÆ° Ä‘á»±ng á»Ÿ bÃ¬nh bÃ¬nh thÆ°á»ng. Tiki vui lÃ²ng pháº£n há»“i vÃ  Ä‘á»•i láº¡i sp khÃ¡c giÃºp mÃ¬nh."
73124602,Ráº¥t khÃ´ng hÃ i lÃ²ng. Sáº£n pháº©m giao cÃ³ khÃ¡ch bá»‹ tráº§y vÃ  mÃ³p. K nguyÃªn váº¹n
73124602,Sáº£n pháº©m bá»‹ mÃ³p khÃ´ng biáº¿t cÃ³ Ä‘Æ°á»£c Ä‘á»•i khÃ´ng
73124602,"Máº·t trÃªn cá»§a náº¯p khÃ´ng bÃ³ng, gia cÃ´ng kÃ©m.
Pháº§n thÃ¢n cÃ³ má»™t váº¿t trÃ³c sÆ¡n do khi sÆ¡n cÃ³ táº¡p cháº¥t (ngay bÃªn dÆ°á»›i thÆ°Æ¡ng hiá»‡u)."
73124602,"Há»™p Ä‘á»±ng hÃ ng Ä‘áº§y bá»¥i báº©n
ÄÃ¡y bÃ¬nh thÃ¬ trÃ³c sÆ¡n
KhÃ´ng hÃ i lÃ²ng má»™t chÃºt nÃ o."
73124602,"Sau 1 thÃ¡ng sá»­ dá»¥ng thÃ¬ bÃ¬nh cÃ³ dáº¥u hiá»‡u trÆ¡n nhá»›t, trong bÃ¬nh thÃ¬ cÃ³ mÃ¹i khÃ³ chá»‹u. Tuy chá»‰ dÃ¹ng Ä‘á»ƒ chá»©a nÆ°á»›c lá»c vÃ  cÃ³ vá»‡ sinh má»—i ngÃ y. Cáº£m tháº¥y khÃ¡ tháº¥t vá»ng"
73124602,"náº¯p thÃ¬ cÃ³ 1 váº¿t xÆ°á»›c ráº¥t sÃ¢u, viá»n quanh thÃ¬ dÃ­nh cÃ¡i gÃ¬ khÃ´ng thá»ƒ cáº­y Ä‘Æ°á»£c."
73124602,táº¡i sao trÃªn trang bÃ¡n thÃ¬ nÃ³i lÃ  bÃ¬nh HÃ n Quá»‘c mÃ  sáº£n pháº©m thá»±c táº¿ láº¡i cá»§a Trung Quá»‘c.treo Ä‘áº§u DÃª bÃ¡n thá»‹t *** Ã 
73124602,mÃ¬nh tin tÆ°á»Ÿng tiki Ä‘áº·t hÃ ng lock and lock ghi xuáº¥t xá»© HÃ n Quá»‘c nhÆ°ng sao khi nháº­n hÃ ng láº¡i xuáº¥t xá»© Trung Quá»‘c
73124602,bÃ¬nh giá»¯ nhiá»‡t tá»‘t. nhÆ°ng mÃ¬nh khÃ´ng hiá»ƒu lock and lock mÃ  lá»›p sÆ¡n tá»‡ quÃ¡? má»›i mua Ä‘Ã¢y .ak bá»‹ trÃ³c háº¿t cáº£ ra. mong shop giáº£i thÃ­ch
73124602,MÃ£ váº¡ch xuáº¥t xá»© tá»« Trung Quá»‘c tÃ´i khÃ´ng kiá»ƒm tra Ä‘Æ°á»£c hÃ ng tháº­t hay giáº£ báº±ng mÃ£ váº¡ch. Tiki tÆ° váº¥n cho mÃ¬nh vá»›i nhÃ©
73124602,MÃ¬nh lÃ  khÃ¡ch hÃ ng lÃ¢u nÄƒm cá»§a TIKI nhÆ°ng láº§n nÃ y Ä‘áº·c biá»‡t tháº¥t vá»ng. ÄÆ¡n hÃ ng Ä‘áº·t tá»« ngÃ y 28/07 Ä‘áº¿n bÃ¢y giá» Ä‘Ã£ gáº§n 1 thÃ¡ng nhÆ°ng khÃ´ng tháº¥y giao hÃ ng. ÄÃ£ gá»i cho nhÃ¢n viÃªn tá»•ng Ä‘Ã i nhiá»u láº§n há»©a sáº½ giáº£i quyáº¿t vÃ  giao hÃ ng nhÆ°ng váº«n khÃ´ng tháº¥y hÃ nh Ä‘á»™ng.
73124602,"BÃ¬nh tráº§y xÆ°á»›c lung tung cáº£ ,Ä‘Ã³ng gÃ³i thÃ¬ áº©u ,hÃ ng tráº§y xÆ°á»›c váº­y mÃ  cÅ©ng giao cho khÃ¡ch hÃ ng Ä‘Æ°á»£c thÃ¬ tÃ´i cÅ©ng thua ."
73124602,"Giao bÃ¬nh khÃ´ng nguyÃªn váº¹n, náº¯p bá»‹ máº» máº¥t tháº©m mÄ©. LÃ m sao táº·ng báº¡n bÃ¨ ?"
73124602,"Hnay lÃ  ngÃ y 27/6/2019 vÃ  lÃ  láº§n thá»© 3 Ä‘áº·t sáº£n pháº©m nÃ y! 
Táº¥t cáº£ Ä‘á»u quÃ¡ háº¡n giao hÃ ng khÃ´ng má»™t lá»i thÃ´ng bÃ¡o!
TÃ´i chá»§ Ä‘á»‹nh Ä‘áº·t Ä‘á»ƒ dÃ¹ng khi Ä‘i du lá»‹ch!
Tháº­t Ä‘Ã¡ng tiáº¿c vÃ  cá»±c ká»³ Ä‘Ã¡ng tiáº¿c!
TÃ´i sáº½ khÃ´ng giá»›i thiá»‡u tiki cho báº¡n bÃ¨ vÃ  háº¡n cháº¿ á»§ng há»™ tiki!"
73124602,CÃ³ thá»ƒ lÃ  do váº­n chuyá»ƒn. BÃ¬nh bá»‹ mÃ³p á»Ÿ náº¯p bÃ¬nh 2 váº¿t
73124602,"Tiki giao hÃ ng nhanh, bÃ¬nh cÅ©ng lÃ  hÃ ng chÃ­nh hÃ£ng nÃªn ráº¥t ok, nhÆ°ng láº§n nÃ y mÃ¬nh chá»‰ Ä‘Ã¡nh giÃ¡ 2 sao vÃ¬ Ä‘Ã³ng gÃ³i hÃ ng hoÃ¡ quÃ¡ cáº©u tháº£ náº¿u ko muá»‘n nÃ³i lÃ  tá»‡, mÃ¬nh nháº­n Ä‘c sáº£n pháº©m bá»‹ mÃ³p. Mong tiki tiáº¿p nháº­n Ã½ kiáº¿n vÃ  kháº¯c phá»¥c Ä‘á»ƒ dá»‹ch vá»¥ Ä‘Æ°á»£c tá»‘t hÆ¡n."
73124602,khi Ä‘Æ°á»£c giao thÃ¬ cÃ¡i náº¯p nÃ³ Ä‘Ã£ bá»‹ mÃ³p mÃ©o nhÆ° tháº¿ kia. MÃ¬nh tÃ­nh tráº£ láº¡i nhÆ°ng ngÆ°á»i nhÃ  lá»¡ vá»©t máº¥t vá» há»™p Ä‘i nÃªn Ä‘Ã nh chá»‹u. HÃ ng Tiki Trading nÃªn lá»—i nÃ y lÃ  lá»—i cá»§a cÃ¡c.báº¡n chá»© khÃ´ng pháº£i cá»§a nhÃ  cung cáº¥p third party. CÃ¡c báº¡n cÃ³ chÃ­nh sÃ¡ch gÃ¬ cho trÆ°á»ng há»£p nÃ y khÃ´ng váº­y?
73124602,"MÃ¬nh mua Ä‘Æ°á»£c 5 thÃ¡ng, thá»i gian Ä‘áº§u dÃ¹ng ok, nhÆ°ng khoáº£ng 1 thÃ¡ng sau thÃ¬ sÆ¡n báº¯t Ä‘áº§u bá»‹ bong trÃ³c, khÃ´ng pháº£i bá»‹ tráº§y vÃ¬ mÃ¬nh toÃ n Ä‘á»ƒ trÃªn bÃ n, sÆ¡n cá»© tá»± trÃ³c ra tá»«ng máº£ng, bÃ¬nh thÃ¬ khÃ´ng cÃ²n giá»¯ nhiá»‡t nhÆ° lÆ°c Ä‘áº§u ná»¯a báº¯t Ä‘áº§u xuáº¥t hiá»‡n tÃ¬nh tráº¡ng tÆ°Æ¡m má»“ hÃ´i ráº¥t nhiá»u ra ngoÃ i bÃ¬nh, mÃ  lÃºc má»›i dÃ¹ng thÃ¬ ko cÃ³, Ä‘Ã¡ chÆ°a Ä‘áº¿n 2 tiáº¿ng Ä‘Ã£ tan háº¿t, hÆ¡i nÆ°á»›c thÃ¬ cá»© Ä‘á»ng xung quanh bÃ¬nh rá»“i cháº£y nhÆ° cho nÆ°á»›c Ä‘Ã¡ vÃ o trong 1 cÃ¡i bÃ¬nh bÃ¬nh thÆ°á»ng chá»© khÃ´ng pháº£i bÃ¬nh giá»¯ nhiá»‡t. Tiki lÃ m Äƒn ká»³ quÃ¡, bÃ¡n hÃ ng kÃ©m cháº¥t lÆ°á»£ng, hÃ ng lock & lock gÃ¬ mÃ  ká»³ váº­y, trÃ³c sÆ¡n thÃ¬ ko nÃ³i, Ä‘áº±ng nÃ y giá»¯ nhiá»‡t cÅ©ng ráº¥t kÃ©m, tá»‡ hÆ¡n máº¥y bÃ¬nh giá»¯ nhiá»‡t ko thÆ°Æ¡ng hiá»‡u mÃ¬nh mua 100k ngoÃ i chá»£. Tháº­t sá»± ráº¥t tháº¥t vá»ng. MÃ¬nh Ä‘Ã¡nh giÃ¡ 0 sao."
73124602,"khi báº¡n xÃ i Ä‘Ã¢y nÃ³ sáº½ nhÆ° váº­y, tháº­m chÃ­ lÃ  nÃ³ tá»± bong trÃ³c ra, Ä‘Ã¢y khÃ´ng giá»‘ng nhÆ° lÃ  lá»›p sÆ¡n, kiá»ƒu giá»‘ng nhÆ° má»™t lá»›p ni-long dÃ¡n lÃªn. cÃ¡c báº¡n cÃ³ thá»ƒ kham kháº£o khi mua. cÃ¡m Æ¡n."
73124602,"cáº£ há»™p cÃ¡c tÃ´ng tiki vÃ  há»™p Ä‘á»±ng sp Ä‘á»u ko cÃ³ gÃ¬ chá»‘ng sá»‘c nÃªn náº¯p bÃ¬nh cá»§a mÃ¬nh bá»‹ 1 váº¿t mÃ³p. bÃ¬nh thÃ¬ ráº¥t Ä‘áº¹p, hoÃ n thiá»‡n tá»‘t"
73124602,"bÃ¬nh ko Ä‘áº¹p láº¯m so vá»›i cÃ¡c sp khÃ¡c cá»§a lock mÃ u sÆ¡n loang lá»—, náº¯p bÃ¬nh bá»‹ máº», lá»›p nhá»±a gia cÃ´ng bá»‹ lá»—i. nÃ³i chung lÃ  mÃ¬nh tháº¥y bÃ¬nh nÃ y ko Ä‘áº¹p"
73124602,BÃ¬nh giá»¯ nhiá»‡t tá»‘t. NhÆ°ng sÆ¡n kÃ©m quÃ¡. MÃ¬nh thá»‰nh thoáº£ng má»›i dÃ¹ng mÃ  Ä‘Ã£ váº­y. Cáº§n cáº£i thiá»‡n vÃ¬ khÃ¡ á»§ng há»™ Tiki!!!
73124602,"ChÆ°a sd láº§n nÃ o, mua vá» Ä‘á»ƒ nguyÃªn trong há»™p cÅ©ng khÃ´ng cÃ³ Ã½ Ä‘á»‹nh check láº¡i do máº¥y láº§n trÆ°á»›c Ä‘á»u bt , 1 thÃ¡ng sau lÃ´i ra xÃ i thÃ¬ em nÃ³ tháº¿ nÃ y :( gá»i tÆ° váº¥n thÃ¬ kÃªu lÃ  quÃ¡ 7 ngÃ y khÃ´ng cho Ä‘á»•i :("