id,title
8322,Nhà Sách Tiki
1883,Nhà Cửa - Đời Sống
1789,Điện Thoại - Máy Tính Bảng
2549,Đồ Chơi - Mẹ & Bé
1815,Thiết Bị Số - Phụ Kiện Số
1882,Điện Gia Dụng
1520,Làm Đẹp - Sức Khỏe
8594,Ô Tô - Xe Máy - Xe Đạp
931,Thời trang nữ
4384,Bách Hóa Online
1975,Thể Thao - Dã Ngoại
915,Thời trang nam
17166,Cross Border - Hàng Quốc Tế
1846,Laptop - Máy Vi Tính - Linh kiện
1686,Giày - Dép nam
4221,Điện Tử - Điện Lạnh
1703,Giày - Dép nữ
1801,Máy Ảnh - Máy Quay Phim
27498,Phụ kiện thời trang
44792,NGON
8371,Đồng hồ và Trang sức
6000,Balo và Vali
11312,Voucher - Dịch vụ
976,Túi thời trang nữ
27616,Túi thời trang nam
15078,Chăm sóc nhà cửa
