277875592,Sách - Búp Sen Xanh - Bìa Cứng - Tặng Kèm Obi + Postcard Hành Trình Cứu Nước - Độc Quyền Fahasa,sach-bup-sen-xanh-bia-cung-tang-kem-obi-postcard-hanh-trinh-cuu-nuoc-doc-quyen-fahasa-p277875592.html?spid=277875593,,,,97000,13000,12,5.0,23,0,0,https://salt.tikicdn.com/cache/280x280/ts/product/a8/54/f3/012e2cef7a92baba883d6f89b1974679.jpg,280,280,236,8322,Nhà Sách Tiki
277809376,Tư duy dã tràng - Tim trí giao tranh,tu-duy-da-trang-tim-tri-giao-tranh-p277809376.html?spid=277809378,,,,126000,34000,21,5.0,8,0,0,https://salt.tikicdn.com/cache/280x280/ts/product/c5/ef/6e/bceed9b18a1a31a0ea03edc2b35fcb78.jpg,280,280,228,8322,Nhà Sách Tiki
277770425,"Hồi Ký Nguyễn Thị Bình - Gia Đình, Bạn Bè và Đất Nước",gia-dinh-ban-be-va-dat-nuoc-p277770425.html?spid=277770426,,,,148400,10600,7,5.0,8,0,0,https://salt.tikicdn.com/cache/280x280/ts/product/59/92/a4/4c31ce3a1455db2bc0e47d74742d2571.png,280,280,243,8322,Nhà Sách Tiki
277748735,"Hồi Ký Nguyễn Thị Bình - Gia Đình, Bạn Bè, Đất Nước - Omega Plus",hoi-ky-nguyen-thi-binh-gia-dinh-ban-be-dat-nuoc-omega-plus-p277748735.html?spid=277748739,,,,151000,8000,5,5.0,9,0,0,https://salt.tikicdn.com/cache/280x280/ts/product/54/fb/fd/f1de10d1a7bb8e4d12706e30de8f27e0.png,280,280,363,8322,Nhà Sách Tiki
277728224,"Nói Chuyện Là Bản Năng, Giữ Miệng Là Tu Dưỡng, Im Lặng Là Trí Tuệ",noi-chuyen-la-ban-nang-giu-mieng-la-tu-duong-im-lang-la-tri-tue-p277728224.html?spid=212356653,,,,123000,66000,35,4.8,424,0,0,https://salt.tikicdn.com/cache/280x280/ts/product/20/15/db/3c50fc06da7b72d97358842f9b08cd71.jpg,280,280,8822,8322,Nhà Sách Tiki
277607921,Nghĩ khác - Làm khác,nghi-khac-lam-khac-p277607921.html?spid=277607922,,,,118140,60860,34,5.0,4,0,0,https://salt.tikicdn.com/cache/280x280/ts/product/53/06/bf/7bf7a75c9cd512818fb4fea01c4c4427.jpg,280,280,145,8322,Nhà Sách Tiki
276960030,Khi Mọi Điều Không Như Ý,khi-moi-dieu-khong-nhu-y-p276960030.html?spid=276960033,,,,76300,32700,30,5.0,36,0,0,https://salt.tikicdn.com/cache/280x280/ts/product/50/d0/a6/2e0f1895ed0fa144e15ad7b58a84bd71.jpg,280,280,982,8322,Nhà Sách Tiki
276948798,"Lên Đỉnh Núi Mở Tiệm Bánh Mì - Triết lí Wazawaza: Những con người hạnh phúc, 2 loại bánh mì, và doanh thu thường niên 300 triệu Yên",len-dinh-nui-mo-tiem-banh-mi-triet-li-wazawaza-nhung-con-nguoi-hanh-phuc-2-loai-banh-mi-va-doanh-thu-thuong-nien-300-trieu-yen-p276948798.html?spid=276948799,,,,114000,6000,5,4.8,44,0,0,https://salt.tikicdn.com/cache/280x280/ts/product/b3/4b/aa/12fdbe3f4485afcf50f50fbb6e5dcf8f.png,280,280,1333,8322,Nhà Sách Tiki
275702538,Chat GPT Thực Chiến,chat-gpt-thuc-chien-p275702538.html?spid=275702540,,,,104780,64220,38,4.7,149,0,0,https://salt.tikicdn.com/cache/280x280/ts/product/17/4a/65/b4765d60127ee4cccf8fd551633fafd4.png,280,280,2816,8322,Nhà Sách Tiki
275406600,Dẫn Dắt Một Bầy Sói Hay Chăn Một Đàn Cừu,dan-dat-mot-bay-soi-hay-chan-mot-ddan-cuu-p275406600.html?spid=275406603,,,,120900,74100,38,4.7,66,0,0,https://salt.tikicdn.com/cache/280x280/ts/product/f5/66/66/6675e1bd7020ba9658876a87ebe60001.png,280,280,2259,8322,Nhà Sách Tiki
275237444,Phạm Xuân Ẩn - Tên người như cuộc đời - TB2024,pham-xuan-an-ten-nguoi-nhu-cuoc-doi-tb2024-p275237444.html?spid=275237445,,,,85000,35000,29,5.0,24,0,0,https://salt.tikicdn.com/cache/280x280/ts/product/b1/2e/1d/d7151ec95891de8b2aa32d4a2a6ea354.jpg,280,280,247,8322,Nhà Sách Tiki
274363543,Con Đường Chẳng Mấy Ai Đi,con-duong-chang-may-ai-di-p274363543.html?spid=274363544,,,,115000,50000,30,5.0,188,0,0,https://salt.tikicdn.com/cache/280x280/ts/product/d4/f6/43/8469d61f7c9a88c07936f8aff14ace7c.jpg,280,280,3409,8322,Nhà Sách Tiki
273819808,Tâm Lý Học Về Tiền,tam-ly-hoc-ve-tien-p273819808.html?spid=75953558,,,,127000,62000,33,4.8,3700,0,0,https://salt.tikicdn.com/cache/280x280/ts/product/83/23/b7/14a42ae4f66c9b8b298aaef4b9671442.jpg,280,280,27503,8322,Nhà Sách Tiki
271380890,Đúng Việc,dung-viec-p271380890.html?spid=271380893,,,,82500,42500,34,5.0,937,0,0,https://salt.tikicdn.com/cache/280x280/ts/product/56/34/6c/8bf2ad92c5580772ad79e640497898f9.jpg,280,280,16373,8322,Nhà Sách Tiki
271379451,Lý Thuyết Trò Chơi,ly-thuyet-tro-choi-p271379451.html?spid=271379452,,,,118000,61000,34,4.7,457,0,0,https://salt.tikicdn.com/cache/280x280/ts/product/8a/b6/ba/1d95b88597f28e42d8ca91e3b3ff600f.jpg,280,280,9297,8322,Nhà Sách Tiki
263070154,Giải mã Hoóc-môn Dopamine,giai-ma-hooc-mon-dopamine-p263070154.html?spid=263070155,,,,128700,69300,35,5.0,250,0,0,https://salt.tikicdn.com/cache/280x280/ts/product/71/9d/f6/034e4969a68181a0f850cdfa24503e0c.jpg,280,280,3748,8322,Nhà Sách Tiki
262590428,Búp Sen Xanh,bup-sen-xanh-p262590428.html?spid=262590431,,,,49680,22320,31,5.0,201,0,0,https://salt.tikicdn.com/cache/280x280/ts/product/0f/f9/70/e273b6980de4f6f550329aafe91578d8.jpg,280,280,3108,8322,Nhà Sách Tiki
229714486,Giải Trí Đến Chết,giai-tri-den-chet-p229714486.html?spid=229714488,,,,112770,66230,37,4.8,92,0,0,https://salt.tikicdn.com/cache/280x280/ts/product/4c/b1/81/6e24d9704854ca6ca56cb554dc22b539.jpg,280,280,1194,8322,Nhà Sách Tiki
212597849,Bookmark kẹp sách giấy cứng,bookmark-kep-sach-giay-cung-p212597849.html?spid=212597850,,,,9000,0,0,3.0,2,0,0,https://salt.tikicdn.com/cache/280x280/ts/product/80/fd/19/d7fb9d89318a75af345817c4bbc3e808.jpg,280,280,3191,8322,Nhà Sách Tiki
207256575,Định luật Murphy – Mọi bí mật tâm lý thao túng cuộc đời bạn,dinh-luat-murphy-moi-bi-mat-tam-ly-thao-tung-cuoc-doi-ban-p207256575.html?spid=207256576,,,,86100,32900,28,4.8,596,0,0,https://salt.tikicdn.com/cache/280x280/ts/product/81/bc/7b/e816f29fc6e20711f8dc9da9bde3cfa0.jpg,280,280,8005,8322,Nhà Sách Tiki
202879294,Người Đàn Ông Mang Tên Ove (Tái Bản 2022),nguoi-dan-ong-mang-ten-ove-tai-ban-2022-p202879294.html?spid=202879295,,,,107000,53000,33,5.0,387,0,0,https://salt.tikicdn.com/cache/280x280/ts/product/06/6e/ae/9bcc2a16b8726403b2870ef2e3eeee30.jpg,280,280,4801,8322,Nhà Sách Tiki
195291930,Bốn Thỏa Ước,bon-thoa-uoc-p195291930.html?spid=195291931,,,,84500,45500,35,5.0,229,0,0,https://salt.tikicdn.com/cache/280x280/ts/product/97/75/42/3be221cdd7210e10180502e55238a751.jpg,280,280,3741,8322,Nhà Sách Tiki
194960730,Nỗi buồn chiến tranh,noi-buon-chien-tranh-p194960730.html?spid=194960731,,,,99000,31000,24,5.0,295,0,0,https://salt.tikicdn.com/cache/280x280/ts/product/5d/9b/ea/cc61ab0dd4ed7f00589fc7c49d7ca1dd.jpg,280,280,3221,8322,Nhà Sách Tiki
192948869,Điệp Viên Hoàn Hảo X6 - Phạm Xuân Ẩn,diep-vien-hoan-hao-x6-pham-xuan-an-p192948869.html?spid=192948870,,,,122700,55300,31,5.0,12,0,0,https://salt.tikicdn.com/cache/280x280/ts/product/22/37/54/27b465078347eecde212c40010e2501b.jpg,280,280,257,8322,Nhà Sách Tiki
190335975,Combo 2 cuốn Truyện Dành Cho Thiếu Nhi : Tuổi Thơ Dữ Dội - Tập 1 + 2 (Tái Bản),combo-2-cuon-truyen-danh-cho-thieu-nhi-tuoi-tho-du-doi-tap-1-2-tai-ban-p190335975.html?spid=273817532,,,,116800,43200,27,5.0,100,0,0,https://salt.tikicdn.com/cache/280x280/ts/product/2a/ec/ed/406ca9007519dddbbefde9de1ad8cc07.png,280,280,1168,8322,Nhà Sách Tiki
187843291,Nhật ký Đặng Thùy Trâm,nhat-ky-dang-thuy-tram-p187843291.html?spid=187843293,,,,63000,27000,30,5.0,117,0,0,https://salt.tikicdn.com/cache/280x280/ts/product/8f/a0/2c/d4d1a5f0022b485604b5a3f7c47d822d.jpg,280,280,1812,8322,Nhà Sách Tiki
187827003,Không Diệt Không Sinh Đừng Sợ Hãi (TB5),khong-diet-khong-sinh-dung-so-hai-tb5-p187827003.html?spid=187827005,,,,71500,38500,35,5.0,1849,0,0,https://salt.tikicdn.com/cache/280x280/ts/product/e0/15/3d/37a4ab0ab9169654f9b8ea56ca72f013.jpg,280,280,29369,8322,Nhà Sách Tiki
185909452,Điệp Viên Hoàn Hảo X6 (Bìa Mềm),diep-vien-hoan-hao-x6-bia-mem-p185909452.html?spid=185909453,,,,131000,47000,26,5.0,122,0,0,https://salt.tikicdn.com/cache/280x280/ts/product/a5/d9/1e/ba67b21eabbae170b046e3fdb07f2152.jpg,280,280,1303,8322,Nhà Sách Tiki
176909221,Ngôi Nhà Bên Bờ Biển Xanh Thẳm,ngoi-nha-ben-bo-bien-xanh-tham-p176909221.html?spid=176909223,,,,125206,73794,37,5.0,497,0,0,https://salt.tikicdn.com/cache/280x280/ts/product/b2/02/d8/216624ab5e54d0f15d4ac3bfb6e968a7.jpg,280,280,3369,8322,Nhà Sách Tiki
170708233,Thay Đổi Tí Hon - Hiệu Quả Bất Ngờ Atomic Habits (Tái Bản Lần 4),thay-doi-ti-hon-hieu-qua-bat-ngo-atomic-habits-tai-ban-lan-4-p170708233.html?spid=170708234,,,,146000,43000,23,4.8,827,0,0,https://salt.tikicdn.com/cache/280x280/ts/product/10/01/7a/d7d57affcfba13e7f75d74d1e858e41e.jpg,280,280,10784,8322,Nhà Sách Tiki
140416370,Flow - Dòng Chảy,dong-chay-p140416370.html?spid=140416372,,,,164160,63840,28,5.0,742,0,0,https://salt.tikicdn.com/cache/280x280/media/catalog/producttmp/b8/97/4f/b3858b9d285701420eaebb6dba56beaf.jpg,280,280,8361,8322,Nhà Sách Tiki
101782486,"Deep Work - Làm Ra Làm, Chơi Ra Chơi (Tái Bản)",deep-work-lam-ra-lam-choi-ra-choi-tai-ban-p101782486.html?spid=101782488,,,,112000,47000,30,4.7,281,0,0,https://salt.tikicdn.com/cache/280x280/ts/product/34/73/6b/2582628bf067160b459d9b3f425050a9.jpg,280,280,2993,8322,Nhà Sách Tiki
74021317,Cây Cam Ngọt Của Tôi,cay-cam-ngot-cua-toi-p74021317.html?spid=74021318,,,,75600,32400,30,5.0,13460,0,0,https://salt.tikicdn.com/cache/280x280/ts/product/5e/18/24/2a6154ba08df6ce6161c13f4303fa19e.jpg,280,280,76002,8322,Nhà Sách Tiki
56609155,Trường Ca Achilles (Quà Tặng Kèm: 01 Bookmark + 01 Phụ Lục),truong-ca-achilles-qua-tang-kem-01-bookmark-01-phu-luc-p56609155.html?spid=56609156,,,,109200,46800,30,5.0,738,0,0,https://salt.tikicdn.com/cache/280x280/ts/product/f3/83/73/b7fcc3787a6a987c8c3ec2df3c68b070.jpg,280,280,3583,8322,Nhà Sách Tiki
52789367,Nhà Giả Kim (Tái Bản 2020),nha-gia-kim-tai-ban-2020-p52789367.html?spid=52789368,,,,55300,23700,30,5.0,6022,0,0,https://salt.tikicdn.com/cache/280x280/ts/product/45/3b/fc/aa81d0a534b45706ae1eee1e344e80d9.jpg,280,280,38056,8322,Nhà Sách Tiki
16284286,Tuổi Thơ Dữ Dội - Tập 1 (Tái Bản),tuoi-tho-du-doi-tap-1-tai-ban-p16284286.html?spid=16284287,,,,58400,21600,27,5.0,334,0,0,https://salt.tikicdn.com/cache/280x280/ts/product/29/a4/53/a833aaa57109403c6cd173fab04a1941.jpg,280,280,2650,8322,Nhà Sách Tiki
13419678,Sách Đi Tìm Lẽ Sống (Tái Bản ),sach-di-tim-le-song-tai-ban-p13419678.html?spid=13419679,,,,63360,24640,28,4.8,2486,0,0,https://salt.tikicdn.com/cache/280x280/ts/product/80/14/8b/61fb657f347d14d9d7bf6fe901001a8e.jpg,280,280,23453,8322,Nhà Sách Tiki
10005245,Đàn Ông Sao Hỏa Đàn Bà Sao Kim,dan-ong-sao-hoa-dan-ba-sao-kim-p10005245.html?spid=10005246,,,,142000,46000,24,4.8,4200,0,0,https://salt.tikicdn.com/cache/280x280/ts/product/0a/f6/38/bc10734989977da424642a1c4750eee2.jpg,280,280,53458,8322,Nhà Sách Tiki
3954355,Yêu Những Điều Không Hoàn Hảo,yeu-nhung-dieu-khong-hoan-hao-p3954355.html?spid=3955615,,,,110000,59000,35,5.0,4033,0,0,https://salt.tikicdn.com/cache/280x280/ts/product/20/79/b3/8b1139ce30144b41473b199c19001942.jpg,280,280,42392,8322,Nhà Sách Tiki
277967474,52Hz -  TẬP 2,52hz-tap-2-p277967474.html?spid=277967484,,,,142000,47000,25,4.3,6,0,0,https://salt.tikicdn.com/cache/280x280/ts/product/fe/58/43/4c4a3174a237cbf5d9d250df193dfd6f.png,280,280,50,8322,Nhà Sách Tiki
277816006,Mô Hình Kinh Doanh Chiến Thắng,mo-hinh-kinh-doanh-chien-thang-p277816006.html?spid=277816007,,,,117600,50400,30,0.0,0,0,0,https://salt.tikicdn.com/cache/280x280/ts/product/47/57/10/739d7697aebe73e49954b0ad29a9a708.jpg,280,280,18,8322,Nhà Sách Tiki
277778452,"Sách ""Ngắn 2025"" - Bác sĩ Huỳnh Wynn Trần",sach-ngan-2025-bac-si-huynh-wynn-tran-p277778452.html?spid=277778453,,,,149000,0,0,5.0,1,0,0,https://salt.tikicdn.com/cache/280x280/ts/product/ae/64/70/3d9be1df8277012572537947e2e0c0b2.jpg,280,280,34,8322,Nhà Sách Tiki
277409853,Bí Ẩn Thảm Án Ở Styles (Agatha Christie) (NXB Trẻ),bi-an-tham-an-o-styles-agatha-christie-nxb-tre-p277409853.html?spid=277554848,,,,96000,26000,21,5.0,9,0,0,https://salt.tikicdn.com/cache/280x280/ts/product/fb/b5/dc/9f6ca72276920699096a6e2b6afba9dd.jpg,280,280,151,8322,Nhà Sách Tiki
277361862,Kỹ thuật đặt câu lệnh cho ChatGPT,ky-thuat-dat-cau-lenh-cho-chatgpt-p277361862.html?spid=277361864,,,,110980,68020,38,5.0,11,0,0,https://salt.tikicdn.com/cache/280x280/ts/product/02/a8/9b/b69a502784eca5a51047e6b3ad5addcc.png,280,280,239,8322,Nhà Sách Tiki
277358711,Mưa Đỏ - Chu Lai,mua-do-p277358711.html?spid=277358712,,,,159900,45100,22,4.7,19,0,0,https://salt.tikicdn.com/cache/280x280/ts/product/9b/f0/55/dc0b87483313875791154b347f1bc29c.jpg,280,280,212,8322,Nhà Sách Tiki
276922095,Thế Hệ Lo Âu,the-he-lo-au-p276922095.html?spid=276922096,,,,139690,89310,39,4.7,24,0,0,https://salt.tikicdn.com/cache/280x280/ts/product/3f/fd/1c/e61b0c484f9d6b7bc30b0e3b3934705c.png,280,280,574,8322,Nhà Sách Tiki
276659602,Series các tập Claymore,claymore-01-sat-thu-mat-bac-p276659602.html?spid=277815806,,,,35800,4200,11,4.7,10,0,0,https://salt.tikicdn.com/cache/280x280/ts/product/a2/16/6b/7b7e3608d31f44e4be0f640f4bc04f55.jpg,280,280,233,8322,Nhà Sách Tiki
276388548,Tư Duy Nhanh Và Chậm (Tái Bản),tu-duy-nhanh-va-cham-tai-ban-p276388548.html?spid=214186190,,,,177540,91460,34,4.7,197,0,0,https://salt.tikicdn.com/cache/280x280/ts/product/61/76/af/539c898761023d4113cfbea439cb22d7.jpg,280,280,3046,8322,Nhà Sách Tiki